0,1,2,3,4,5,6,7,8,9,10,11,12,13,14,15,16,17,18,19,20,21,22,23,24,25,26,27,28,29,30,31,32,33,34,35,36,37,38,39,40,41,42,43,44,45,46,47,48,49,y
-0.07816121845755397,0.12071290071275377,-0.09778883407728736,-0.17530773047715348,0.3011118609637708,-0.08667230748312565,-0.14278385547679592,-0.0442694883089768,0.04624092945429415,0.13132947523104202,-0.2394317292716591,0.14824943900653673,0.1288789005908358,0.0948773244303854,0.1717551730433245,0.055088898207616505,0.03292690183033243,0.22895128404675416,0.06215654412547951,-0.03176555870455319,0.20740241736184994,0.19107458526911136,0.010554865122487394,0.17219320623730297,-0.27613911140971686,-0.15445960584833976,-0.05720510001701934,-0.14008054581562834,-0.020348750997489663,-0.057246809337407924,-0.06447356869673933,0.1918194626114162,-0.045268919759435894,-0.05841339942397419,-0.049807045174849636,0.1638421124371975,0.19504657256831642,0.1855280471784155,0.013209852326337238,0.04110771252422619,-0.039407620841381,-0.04543349955460137,-0.036415007202847516,0.12950548901424114,-0.31008958269649256,0.20449563064222046,-0.08063931544943916,0.03179791156457196,0.026063299769807667,0.22215230770376565,0.32596856064356494
-0.23108750491547603,0.022717376885275177,0.3384134384117396,0.0317242435849104,0.1283944178188865,0.12636883027964188,-0.13557329426591158,0.03199556072058572,0.24314552389500077,-0.053266871529064105,-0.10594083352202084,-0.3952968207653988,-0.07544394467480926,0.17012739595375512,-0.06394509455053139,0.06481733096845772,0.11726720178402088,0.17100688348660845,-0.1779693193002391,-0.10123076815029515,0.06944437889038782,0.06166011286182,-0.2163910124702073,-0.13358199822605396,0.16220735972586794,0.0917128533794219,0.2177786080771105,0.020482211287441283,0.15000093971059028,0.05669823485145635,-0.0025339903431176214,0.0837249567904793,0.0022568622376911234,0.025876724182811547,-0.09119243654965484,-0.18932402334581466,-0.00413692690325682,0.037387872230616535,0.11813513660527541,-0.0005410655560863122,-0.02887767564407214,0.005676491383904481,0.2537691401518401,0.05438437405052229,-0.05995419206053897,0.07291256223447827,0.20474791635222553,0.05284820993935518,0.1844702045205585,0.12936734020136736,-2.411314880899224
-0.09762170240686416,0.06812638667171608,0.07881408135638614,-0.20937084547542442,-0.14648298175149815,0.14221732579163188,0.0577435889057404,0.006891778197654531,0.05090910639044162,-0.2469114736531166,0.12440205800761119,0.12746181919617086,-0.0031298811928248114,-0.11835465152066173,0.05838226296445161,0.15194377127694905,-0.10865159924127196,0.06781803951796155,-0.022426370688681994,0.08316281410636954,0.18655493385305547,0.01966250575251184,0.4470783862275462,-0.011018506916282155,0.04134617014931499,-0.14566510505760494,0.08206220068228211,-0.10360288011217378,0.19254273449481327,0.07970437787819151,0.23759358779814466,-0.11188368559306024,-0.19570276525956737,0.2593034658723785,-0.1622066184665183,0.019737205317448214,-0.09990757616478088,-0.08153222789585199,0.09891539015264374,-0.04926099099534425,-0.1313526924062621,0.04828946383335878,-0.18384978240155078,-0.1015667914384481,-0.18060331105459163,0.015229897593812172,0.26950544811149496,0.009870370833644258,0.06953125110805443,0.08902619546904972,-1.262983889932051
0.1889559423501738,-0.08238341294135698,0.1580161083859087,-0.01473034582595143,-0.13922054259709302,-0.3093281823731872,0.06885730410917516,-0.08535776054466286,0.07787876840863474,-0.09220094511739128,0.01422282525210021,-0.1580554971817693,-0.025084857124613717,-0.07432404370627603,0.18107604321395848,0.1655944079202024,-0.16928629112872592,-0.1896014339514369,-0.001062027460446796,-0.04293344682528966,-0.03467771060560077,-0.12519549272972644,-0.10307026347877446,0.13035809687094124,-0.13071138189356532,-0.039675498700735536,0.021635184608767642,0.1763221400145507,0.01488592989983033,-0.32545335464146774,0.18181742591678085,0.21631558638169238,0.09229336819506549,-0.1933594927312398,-0.16608729145923815,-0.06859264834698993,-0.0761905011529921,-0.1662893058483075,0.07288625058702125,-0.05030290327878851,0.008777842472390388,0.2377546586367009,-0.07530841321698752,0.11274724319712916,-0.20219214502632782,0.3026540859929281,0.056241462667731994,0.026751009765533698,0.06467857064088829,-0.1301393630189519,1.677003420460868
0.1276696140155814,0.17600971305587634,0.171196748091774,0.1316991300913159,0.014557132945484406,-0.1370411086488496,-0.18849398210790985,0.049270912022616915,0.23187270449083772,-0.020056705404430206,0.1525567612563898,0.2198520962511311,0.08065499293260421,-0.024148215946009466,0.09711474319094099,-0.0990803576776614,0.029546205439171327,0.19112497670864048,0.0028185742901122904,-0.13280067701082757,0.164475946553635,-0.19310222408484531,0.024876581011919106,-0.04834688399076037,-0.023792920392081408,-0.11902221733546205,0.27397565483282366,0.09363068189682237,-0.2569479738973341,0.0379263969462601,-0.24177302890541608,0.1019629679202036,-0.06609871884518949,-0.052822376917132305,-0.12534798907749378,-0.11339792817746473,-0.06561734322011178,0.08324128667849234,0.12227799326352551,0.028674164338946553,0.1393870615919846,0.1611540251811955,-0.05048500840466423,-0.19847798400073885,-0.10378209269406577,-0.2927787995409561,0.012854163627781492,-0.21920656446876577,-0.15890484579443548,-0.14054029058313894,1.0422811620411758
0.09414812154924768,-0.17358163235054538,-0.022249848692256192,-0.02830958575497178,0.06407420748932546,-0.01785397104460639,0.030257156081640202,0.10646637737402272,-0.00826467616585798,-0.12292473047907226,0.0192378076922854,0.04486076178403741,-0.09512356429635015,0.03921238790035294,0.04106396967374351,0.11420075932303383,-0.16407151205657924,-0.19473592640520204,0.4180149564344951,-0.11768902079630099,0.15353366310666142,-0.05770150233903523,-0.15675728146039444,-0.27699535188208596,0.07618692094084109,-0.11397356089454286,-0.07277487017195898,0.15161483421714583,0.08124811810626699,0.1748328880201354,0.1371723099472533,0.15798982771840694,-0.10473194209219604,0.11225670140409277,0.05645702693960937,0.10292311540879094,0.3880583289865738,0.10706332112362094,0.2077358535338693,-0.09917187311250938,-0.17852136601393512,0.0216473678540376,0.22831412669093307,0.05979930472546638,-0.011809432946458798,-0.1265536743149493,-0.021182013534402678,-0.17629957494415813,-0.04001487382903785,-0.02802938160030669,1.6606331273615345
-0.1314751506085836,-0.05708615448202738,-0.11343064295265792,0.2625929186998626,-0.027800300817627174,-0.2320318689915071,-0.03615645624807418,0.05473911724640968,0.012345351644388899,-0.0593022372977887,0.03942645472504532,-0.12026001003951176,-0.25483958947441937,0.20482791546367063,0.09045760934030275,0.014236070868505958,-0.13888694548077823,0.05028416631148059,-0.11883446970614263,-0.06164430431043602,0.09585834187655867,0.07833750039769677,0.22338299723919972,-0.02871459286871183,-0.020331349778530572,-0.1979279978071306,0.028878808421360064,-0.11274562022750848,0.17207991315993457,-0.06566891998348784,0.0751668393728928,-0.17034683973600678,0.17777602248812047,0.07664622976446829,0.290286831529602,0.0761368322928736,-0.0029904197731724503,-0.15014370982974956,0.017950886597325157,0.2746193620018699,0.2613734348721084,0.053171827312999506,0.14813917103283775,-0.00840219769066112,-0.14167969203996308,-0.022038458278156522,-0.21059363501258058,-0.294325283961502,0.07391561443390236,0.01557256635671233,-1.705446939725534
-0.021194886017106302,-0.2791475443013188,-0.020743578069349386,-0.15469041727218977,0.07384438915712134,0.157237402073829,0.08323140784424496,0.060175249692666556,-0.23875210650157694,-0.03774843888929719,0.20995290207312997,0.04765941766373189,-0.04229319867382224,-0.17686390032262472,0.1286293844518625,0.06618410737719843,0.21516626375664957,0.15581798550609402,-0.06991236144755521,-0.13408908922012727,-0.01324885010860561,-0.13894812755717428,-0.0532731775815437,-0.040243091041502,0.17727935348482055,-0.09145007135425336,0.09766729914961395,-0.002103868990096776,0.032891405057528106,-0.03513098495502421,-0.14553763678540535,0.1648245564614012,-0.13343237930063584,-0.07297128431885756,0.07822633366234505,0.16733140932547771,-0.2595769840289229,0.15107261169202105,0.006342089628883827,0.30503573202173323,-0.2103414211764282,0.17926900406073515,0.05361565166507348,-0.051837631796385404,0.00616646321772758,0.1758463192486696,-0.24642451775674545,-0.05454344952722777,0.23910100007165316,-0.07795014966545784,-1.0974330233779914
-0.06480287656767716,0.08979737492060207,-0.014419548676187248,-0.06288404322568222,-0.041977271947455645,-0.13348705255738322,-0.1724681676939947,0.04222649865873818,-0.17609938314752732,-0.011398863978504098,0.19872278581413766,-0.09741546374555862,0.12422526867220146,-0.10335853030202549,-0.09664001025333856,0.2348592539834913,0.06628936803570877,-0.11289553956660785,-0.08453058322825742,0.37045080185490603,-0.13421195822085782,-0.03831839492662557,-0.05555829309654374,0.015845228788895376,-0.16139613052162735,-0.10754978362274015,-0.07483899948486976,0.08104796511694223,-0.08681084375300276,0.1913756044240992,-0.01388388445065096,-0.13129206025623752,-0.05364503738276908,-0.4119902935759515,-0.00815914791525307,0.018049223906083926,0.026038207623090105,-0.04129020685249996,0.16989825224755412,0.14896343905149928,-0.08581054340383418,-0.06104902007070313,0.21843033277631105,-0.15535480606994714,-0.07067597288213281,-0.04613897170789115,0.1547195056448777,-0.20309637022658714,0.02164417472886816,0.28957928886284384,-1.2784693242456293
0.1393385835036976,-0.23790171253029965,0.004700780411907883,0.1266522148347259,0.23751466765665566,0.17787043511298692,-0.12276057378696273,0.1715974447412612,0.16097692521766593,-0.019114641455251925,-0.18619741587138453,-0.11369216026061571,-0.09856738106162816,-0.18672118083151046,-0.07525909091358736,-0.03308474092782396,-0.09607911891066909,-0.09284541056058941,0.03841363121535286,-0.06135484954803043,-0.18712399357112802,0.0833653599412804,-0.07212495522458884,-0.08093486393866692,-0.022491523401496884,-0.3136817270632603,-0.05219806979421533,-0.11777034699271577,-0.1961547341080086,0.272733660493908,0.18297156676061016,-0.07928507021462547,-0.09202076115014325,-0.06887038404127727,-0.06257017335207973,-0.2200495428207618,-0.15716829109297362,-0.05889457002701588,0.002151298482572997,0.1659934236638999,0.016399160224252175,-0.1734667290031213,-0.25267425001601723,-0.055773143879940236,-0.21309037348931534,0.11809730149640775,-0.09893660702112016,0.039620432709839615,-0.10484366035251601,-0.07012583232010998,0.7830455652603724
-0.09266199872511835,0.17523753499915332,0.008412930655858308,-0.19142884124531265,0.14285341107102398,0.15384698868910218,-0.03555370119832205,-0.027472308769274402,-0.12498666087353523,-0.21754057695837892,0.0714008766500831,-0.1524958336205494,-0.025112747517703676,0.22052798872988305,0.01415938716915927,-0.19931034011918158,0.003137837805176433,-0.1362584495014524,-0.01087945031742462,0.15313764826489468,-0.012036516073756685,-0.0496380091811722,-0.015062756048386484,0.08367723932349896,-0.15032800059566753,0.0014330102655916682,0.03772391798584087,-0.02107939505092576,-0.13010067495557864,-0.07482742886700956,0.15327869542776382,-0.1816250937953052,0.24264877470958793,0.06713950826100529,-0.23404753019524394,-0.19746943313777476,0.03655433582024791,0.24570202544339922,0.10686552240258462,-0.07168387384493898,-0.19202792001643076,0.07334815677059604,-0.1289953457638461,0.042858703026113325,0.02056134452157972,-0.07092469867914081,-0.34269063766012475,-0.2548697181239503,0.17994558568969168,-0.15989371262068627,-0.9283523688073407
-0.04351472078518066,-0.025757481419500346,-0.07321493237066008,-0.022605727040368003,0.021850552273083662,0.10707405407423412,0.10558372902829671,0.05221944972704495,0.0664404802482835,0.2078708706931307,0.09891968868867825,0.11137332585830183,-0.06301160875358186,-0.11947757426233416,-0.1677489491677433,0.0038860807332054565,-0.04109026143807778,0.12004244736174714,-0.09062259731070565,0.07702796662363416,-0.3734000805935866,0.03126575460679894,0.24832327357697342,0.009838835415438583,-0.22371144905321227,0.023657212723653457,0.052665211943684884,0.12680740033979518,-0.03217047272060083,0.08392113928171958,-0.059835058381602635,-0.0012263472923508742,-0.05279239341700299,0.13721713624967857,-0.151753735929177,-0.05737221018407641,0.23620900083006297,0.05277815188533743,0.19737563366837763,0.09928628545123751,0.16087393412906917,0.13396425133096856,0.31546829375501084,0.26958042900396717,-0.13755995280932895,0.05658663856886137,0.037221471173448324,0.10396132015002749,0.09614511418819043,-0.34798834112636745,-0.3152763594450728
-0.31184909276940714,-0.08363184339012872,-0.0404893369415849,0.17577968483470174,-0.17277934695188135,0.02447222421246151,0.05509846501637147,-0.23432153925827706,0.0856651324906625,0.03131533212956819,0.1836738466609881,-0.13934476408043697,-0.010734465981583088,-0.13746147682076473,0.12489205270781936,-0.33729474853491886,0.06229855071427035,-0.006409993934901978,0.035942637480524835,0.20515909669832874,0.25804699635806677,0.15129812290074945,-0.07088480936963122,0.05360299607377358,0.02590712312161539,-0.29723207620996756,-0.14122983114017268,0.0346072784041525,-0.2504822002533027,0.02692358656851705,-0.02460807841420216,0.1383865108156471,0.029379234600129873,0.14698831652657296,-0.18782160381372767,0.006066718197605536,0.06797279735462203,-0.16673892131725496,-0.006555770708993934,0.10089033598231917,-0.1488087863867504,0.04922156512979252,0.17726949379459897,-0.026107034355801924,0.10387999112497828,0.11414451373878438,-0.02527744221194993,0.13311231735783838,-0.16592375507388746,-0.010067121173820089,-2.5867446752358814
0.08692314598101526,-0.08052710039323975,0.054280403408238184,-0.07985610808263537,0.18655058415104897,0.0016702715218890679,-0.012946420055229238,-0.0468597680300544,0.016768773521165996,-0.3264533441432598,0.14339257594382396,-0.27365443425188046,-0.1863289167340179,0.03976845166804653,-0.15468625980580603,0.01699840592914221,-0.23276970993532908,0.36494842084726625,0.05520850514704591,0.27632986349651084,0.0219752282125382,0.03981477514584114,0.07848548123417966,-0.19783767509569644,-0.13495088717516499,0.17480570757083666,-0.02466777576161198,-0.10466657417503249,-0.21761112601858998,-0.16239214281827183,-0.12728271003538666,0.12997563446363078,-0.1570304081691468,-0.11441704925648716,0.10934763506279156,0.21898382196545196,0.04253160127688531,-0.11112292623835457,-0.09913829028434201,0.002943566827331194,-0.029607043127062478,-0.047511533291405506,-0.12681913057470925,0.12547784025936873,0.06516025106562559,-0.06653605658903983,0.04430876301692541,0.014895082458496517,-0.11481191624538013,-0.12123864874267494,0.5158351385770825
-0.09345527473636737,-0.11677169991959722,0.11949825599748172,0.061799229025674696,0.18440766762992802,0.20785763999357953,0.3118533366414204,0.061016924754657066,0.27354299246427455,0.24355282299721842,0.15294149127493925,0.2051449701918159,0.056715404202800884,0.08378018009317109,-0.0140581074839801,-0.03062498302741069,-0.16707290643204586,0.023335971781336073,0.1285163100073269,0.14094931072325692,0.1581786666678528,0.10155513378006495,0.0529242601218859,0.09800146113717549,0.09755953852851229,0.026477348542142187,0.06555300494538713,0.029728353566702708,-0.06596285819710954,-0.07891931485795163,0.08893443010428048,-0.18411889852270297,-0.054040318686719956,-0.3369587380642012,0.1380538217328582,-0.02260841774786103,-0.20516903356165186,-0.00789503645238747,0.024914801158257602,-0.29847799451387647,-0.004177421437621929,0.00542714001955775,0.14289531747829923,0.07994848282159013,0.0367226271912381,0.18686101026496946,-0.040275708089659794,-0.23845280451372777,0.0007339224603821988,0.021953254522192173,-1.211176246414354
0.0633800028062567,0.12561742700691517,-0.20456673768581854,0.22630343996543867,0.21010565172587514,-0.04966076109479088,0.15449673252260915,0.35793888361023685,-0.12555336580101373,-0.10870854886953009,0.1580263430515055,-0.11832063529974951,-0.02387120704048836,0.07578385695031506,-0.1051366821583245,-0.007372566953243049,0.14813244921707092,-0.131265681063728,0.04751042126379601,-0.14258885001493604,-0.003347701188042306,-0.0032360172205445417,0.07513243035321808,0.0753683294609965,-0.11227684848186908,-0.10054791359529162,0.07874337858705961,0.11507802956768622,-0.24665992649940177,-0.23354794443033455,-0.17894051172548228,-0.012142835191943412,0.04281744873566364,0.27877620606359654,0.1414817423856313,-0.013607408959348675,-0.11841495633219222,0.044600708863776324,0.12638860760293885,-0.13043623214386205,-0.15747337569491737,-0.11942805760628775,0.03287157128722619,-0.05211259358710736,-0.0630642947185636,0.20445289743692643,0.2978955354918877,0.06001104586863273,0.0023694016115973827,0.1095956764386066,1.09807189175061
-0.12404861610068078,-0.01349006731620975,-0.04537072465715365,0.07692176213413733,0.03488355063424947,0.03582215642315292,0.24523943246041432,0.0959191481391449,-0.1748200771072052,0.15227466948901644,0.26345693344847926,-0.05590684940525331,0.1377460695560842,0.045642772546265246,0.14643686102156003,0.06716863326640996,-0.10033706374739305,0.2198567475377527,-0.022293821644555185,0.07909583709445406,-0.1794200107567753,0.016144393674591466,-0.0170664412202349,-0.1234888227258494,0.0684435424867149,0.08838878452632587,-0.03452342069564875,0.09598762731259933,0.11185856427786699,-0.06385054016251814,0.20893109811992178,0.4225442431214763,0.14527960960676606,0.07914433946619838,-0.13012917087629616,-0.18534244300783054,-0.06507399113624324,0.04577808522142531,0.0210454564631406,-0.019620147767125586,0.12469959871987457,-0.29676796442515563,-0.10275696487501877,-0.07936349172591887,-0.19660618391490298,-0.17960977314419863,-0.12902638694883425,-0.04709426382255751,-0.1760868043647795,0.17145750985564606,-0.8930404758858616
-0.031057259960935956,-0.07032719993578825,-0.05061849776807416,0.027626506970044443,-0.09182143561507872,0.1472764210860457,0.19178084424047806,-0.08842051218374768,-0.25348686057931835,-0.07371590110345787,-0.1147886271865906,-0.06670256715039588,0.2966826852193216,0.13223306116670924,-0.05169387365766368,-0.17307922368388898,-0.17915940957504708,-0.10872312541348778,-0.09811330204653333,-0.18165791625548172,0.06138648430549857,-0.016810310067637148,0.1225028282176196,-0.19461579916762825,-0.01716550816898352,-0.148604158783617,0.12382122921745373,-0.06577530055363542,-0.16503793126802696,0.1261594854820296,-0.007289011452286942,0.13660304216105512,0.03615529813964019,-0.18668711205241084,-0.011616130439509995,-0.02549287548393808,0.02893666331940714,0.13641381356276175,0.016361710383448032,0.1525673463608387,0.23180272211183878,0.17570613058761134,-0.13934320758437657,0.3191072874304137,0.15754036550653214,0.04019883753758906,0.2914092751826044,-0.12915291697176867,0.028016810818838226,0.16913857953940722,0.1840674824364908
0.06366133029850703,-0.0010020454891978045,0.16626632057180768,0.2202201306719078,-0.00576472216084029,-0.07777879816094234,0.09339556441457572,-0.09936709633515155,0.04592656189436326,-0.09750724275818268,0.12836722928875938,0.08763056404484189,0.09847964423136583,-0.17955663929817348,0.09524244980652156,-0.19426864063690827,-0.16310745031792653,0.07966023428441567,0.0758704490950269,-0.050814336793811296,-0.016260498050628538,-0.2471571763659256,-0.1444821022883734,0.25451796449545233,-0.006816989243993808,0.2631580388994752,0.05874788666054629,-0.11569622367385632,0.030277218122196435,-0.00872814469806169,0.06528267116570004,-0.22698036887716333,-0.06926820259819615,0.095057921267665,0.08308184428391158,-0.08215795506091017,0.13544776866771613,0.10438087970975315,-0.029884332264288365,0.37987675408326976,-0.22640142226908164,-0.2557217956873695,0.016187268421549002,0.2739753608661728,-0.12314893817831814,-0.006158382172677175,0.09916136765617882,-0.04738222965959985,0.028678058512506533,0.13186971267925598,0.18113338854129213
-0.01409778715712671,-0.07562500006431494,-0.10424633072440273,-0.12264518466227908,-0.14436640472063705,-0.36891771462463785,0.02754541163389292,0.11086918604524329,0.060403231463196164,0.28676055470536393,0.003961315145175331,-0.04966969447371595,-0.024745610199485887,-0.017222492587989795,-0.03729007778940708,-0.10947065779071566,0.20789771708883817,0.2111782626278586,-0.21056459916751036,0.07080206717153446,0.043645515627876226,-0.07236547918182483,-0.0547655553321716,-0.2553734928818776,0.05120651093406507,0.003253275859239104,0.08653591613749866,0.060418863390939645,-0.1843754328710207,0.007889170155405589,0.2894843201512815,-0.15106817253098614,-0.18228596821700296,0.0698751252762111,0.21275112361986234,-0.10163608294934928,0.13275382530342,0.014656639180128732,0.18186897182306497,-0.11861662025253614,-0.15099641678102135,0.10473006159396613,-0.28256645015572995,0.1785067915169159,0.048998098493756755,0.04403461529869774,-0.08728536798691533,0.016585167916132487,0.019704538299559093,0.1084964685609382,-0.3839483395754797
-0.0842130923410324,-0.21479944841909562,0.18128276756567727,0.24374160850420637,-0.2047734657624097,-0.17589345746730187,0.13883458042935307,-0.01572501072299754,0.027255126796199437,-0.29450191567711553,0.11763916740479202,0.10723460262578541,0.10341424118295824,0.09629595007881495,-0.07143702252416795,0.22034025177637537,0.28643677944605156,0.11691066386856733,0.07103149559243778,0.03127396685536816,-0.14732479812506571,0.07366759882821139,-0.0418035651801503,0.030535491481993627,-0.03698393047935583,-0.3322080515243695,0.05868287006019729,-0.2151630434583651,0.059054888049616026,-0.0013110008318577783,-0.09202458359619699,-0.08407644129803755,0.01376605359948898,-0.10729632202173593,-0.07683797600154746,-0.023805513074671922,0.15886135658872635,0.23023648684152218,-0.10217505573687964,-0.24972072000245168,0.06499659015119126,-0.18315339529366031,-0.08365885167031602,0.11740300095529949,0.04488833500585505,-0.00999098720395267,-0.08048621592900929,0.09943986169557638,0.09584447584378733,-0.09048476736434839,-0.07054108479728693
-0.10634149472972841,-0.07413067698014225,-0.21284620067711266,-0.09510820873086223,0.012482752501699725,-0.018761368548205044,0.02962604736235486,0.12487378831661419,0.0730831039757512,-0.06249274379646296,0.034743819445590955,0.00323426895197227,0.1805238815270867,0.07948562853603937,-0.041112642287345555,-0.007320981195288298,0.050738431264310845,-0.09656266330742479,0.1780930117962371,0.17156333713730354,-0.06181942431303216,0.18864876915267673,-0.09933158444444817,0.20358835356351335,0.398978144005214,0.1316431727989843,0.03538131827736573,-0.2177317329433457,-0.07297270412070248,-0.12612767694984434,-0.11506646035225188,0.0996200482905606,-0.09031183047529963,-0.028726765933192643,0.10887032863004074,-0.23752042634424375,0.29942758966729743,-0.16117814609771058,0.030662341173009918,0.15170054586885925,0.10060247348579608,0.20114664674100624,-0.17445637676204898,-0.15911005594517513,-0.18670683229601767,-0.04635573003299088,0.1286159112472837,-0.05973961957865091,0.17451915488083408,-0.12908052773722706,-1.049501970672299
0.053324309259926504,-0.0009069613656477943,0.08186104523638882,-0.22542943086532327,-0.10230715323881791,0.10173932389594711,0.03987905779766641,-0.06401416585851187,0.0281344545030592,-0.10362380530595404,-0.16524479658407332,-0.0008213015447013091,0.020365704570802164,-0.04756985064045893,-0.01134558481838844,0.0681017843322808,0.02115137614087465,-0.147350762565395,-0.1080690181343299,0.2860045478447352,0.25581981974945955,-0.2963048753845893,0.07727546715319365,-0.012895430698920358,0.0595581614230409,-0.09632760390992672,0.014172668246308608,0.180174632072873,-0.10842184106867327,-0.10188831279924034,-0.11464142253724426,0.08855048841222576,-0.11678775506464441,0.1314378604788592,0.27395333251855786,-0.24070864158260116,0.07103858664927895,0.1355327577654252,-0.011605548004163769,0.04836005499225876,0.3318075458925033,-0.3619334143164678,0.10983349585172086,-0.01945563269139137,-0.03950297432463964,0.18295017400711186,-0.14771176454716808,0.03575360893173512,0.01982853822817846,-0.03706234183011889,0.04602002838425889
0.05960767636705881,-0.0858651524137621,-0.060886052482219885,-0.1766298968569906,-0.2724404198446531,0.094520058250258,0.01624121508042458,0.041133728868012774,0.09850433274195892,0.010510262114637587,-0.10437712512472672,-0.1557670529088958,0.18879353607784694,0.28485146673598905,0.12254476542001291,0.06089496459757041,0.06525272557604113,0.10381005586463112,0.0912553277410695,-0.10681774706588343,-0.24325157699001318,-0.13951975742676473,-0.04348674668063816,0.20026612464444596,-0.20160332292331898,-0.007003430719516713,0.13857161249277197,-0.1887212554235701,-0.23560104318753564,0.08117219515115581,0.16486141280273375,0.08449378402243862,-0.22826752861723573,0.20420469146509052,0.044373779135356076,0.054337399892797275,-0.0992822828715077,-0.19506583404298183,-0.20203796110851474,-0.06577931757302183,-0.05334485007468136,-0.021164253235591887,0.27735053545378346,-0.05952641129913568,0.03399123178211685,0.0008547800867285814,-0.034534456978958405,-0.23659914933521634,-0.08408436066416267,0.017398874882839494,0.3077939201745379
0.24754366749753098,0.15239075031277335,0.13194703422738607,-0.04301757383223646,-0.06879468706880452,0.052933006761046744,-0.05219895917133841,-0.06969723761649672,-0.17540865464962008,0.05397514965963138,-0.12368425449665858,-0.041117295867325085,-0.07144703714598745,-0.10035979713000888,0.1717187468706884,-0.04542452711762584,0.23074455754804934,0.05819885345533484,0.17928131550058826,-0.046328560170858755,-0.09192852915173917,0.2933847942247055,0.08196844582932979,-0.13006454831840342,0.23816523966852451,-0.08511034932554964,-0.1377439880313913,-0.09905651050508349,-0.10346518428460655,-0.42865237412976936,0.0901478525788073,-0.1511173727713494,-0.17771637355528214,-0.036628703748660264,-0.1554545339226665,-0.029033672371467784,-0.08754181689461132,0.0015713242664497282,0.20654653538960935,0.08155564886590046,0.11847209714313225,-0.1457627870483809,0.18332693642159745,0.1769875059575394,0.031865242951682256,-0.11016259710388847,0.055120122936301294,-0.15311225811723525,-0.039997847944789666,0.010986275601053967,3.2763497326624833
-0.0315425663651744,-0.04705363119764541,0.3329638115771611,0.0977248515728247,-0.050791520470667297,0.09237203392777066,-0.11704515692440876,-0.015596736514307053,0.058618613788929,0.1643742559871764,0.19380034844205943,-0.23063714954781983,0.07475043960316703,-0.00733876503050003,-0.03594934634836539,-0.18378576745751232,0.07951107985439623,-0.17799771162992395,-0.008565624609181522,-0.041376832285827427,-0.14161442357899118,-0.11369280721504528,0.09960426060566235,0.0005442133223951214,-0.03957185274815366,0.11291862925600075,-0.34840762880211446,-0.15409127710898382,0.09431214884465296,-0.008374853529730017,-0.10901044403917912,0.040881598816391564,-0.17796228313398338,0.13677628471257317,0.07334746800150163,0.2536235226027554,0.11404900998982659,0.2015548578570547,0.1294908026811628,-0.133356511774755,0.18092775893006777,0.12041781946462192,-0.1991256596955753,-0.14538016977763552,-0.12371212201116089,0.21193059174156312,-0.03098328007179817,-0.19162477813918638,-0.07528123467506677,0.06990887292118657,-0.7954778011701746
-0.25073815084282164,-0.14561211612049496,-0.0794936135669293,-0.174510605005105,-0.1366564269008141,-0.07841612179997852,-0.2211731900066081,-0.09893602290125299,-0.056064582768088636,0.13741039382722156,0.060105504706353355,0.06612332886405976,-0.18247248747255534,0.22253167465368787,-0.263255040486706,0.1731535060578952,-0.14797588944190113,0.02854259872347214,0.08974223083564827,-0.03342941664335919,-0.019124010712448587,0.02863747947799964,-0.18918091678608712,0.20076935374627375,0.1278760641898429,-0.08707399160272562,0.015212918152335575,0.1557948255735412,0.04779965651145107,-0.08353845201145124,-0.09236389122161126,-0.07254948485392455,-0.042548761016151196,0.12867108622829904,-0.09791298092083885,0.009719514717822193,-0.2070217349891993,0.2172684237839932,0.06423002493119805,0.14018086046551695,0.003298376418803239,-0.09574369135399481,-0.17039453100807508,0.1544903788243468,0.02845701171093841,0.08999135187142057,0.18178474921450677,-0.175353879739358,-0.33386309554295335,-0.12130971178245145,-2.509481688759491
0.1703730648976363,0.0667777719921605,-0.25671350436542184,0.022680818780997862,-0.27551869849524224,0.07985964658663512,0.128438393700039,-0.12860322520075915,0.10574721166837173,-0.17570107750787053,-0.10273652068888436,-0.09295284212138019,-0.007291964710917912,-0.0844712362926738,-0.2767256477026928,-0.16502059598250507,-0.14244089378535768,0.1289385774438488,-0.14094174877984098,-0.06953851059008873,-0.0701554113993388,0.10514860057900446,-0.062787810203424,-0.02136287173686245,0.18957628484119482,-0.01425605820042103,0.06943560818394318,0.10909754830020242,-0.014254991285358471,-0.106624037196019,0.047860566988319635,-0.09224217243375006,0.006688783570216531,-0.1210532618672984,-0.016382105426499004,0.13536931140942543,0.05624731760881167,0.342221698937523,-0.08964296483323711,-0.09981789787184545,-0.08437214702759077,0.09913418512578184,0.16817929837440035,-0.22025760734368785,-0.3811818827160195,0.03924229988417542,-0.09928401670572115,0.013659593255824259,-0.12491492847972675,0.13227949558970237,1.2823666581752224
-0.17112414331541512,0.10189916569730266,0.3096421819885884,0.1515298924043283,-0.09518917760388768,0.10292719015065192,0.018909390453146577,0.02979461824572415,-0.21368339448818024,0.13422580365227352,-0.21577815388985125,-0.15612945977838158,-0.03292597892087942,-0.02739399217705936,-0.11918222282199241,0.15335124806392977,-0.058679772903249654,0.09477962993826684,0.06534141874081897,-0.14494091811773147,-0.0037829045627498724,0.007378620446647605,0.263074369806451,0.3070793164015789,0.14426337729067884,-0.10204913918481953,-0.06871400635101249,0.3416210656409582,-0.2189286582771649,0.025318311002886874,-0.005501995613480526,0.06286422376948991,-0.04429553929759109,-0.09317374144695906,0.1629960030590774,0.036156893088719645,0.15051359913643442,-0.09786962401979063,-0.09704677858337628,-0.02698269380933969,-0.22094072563677192,0.01773383119578331,-0.13948950834326188,0.04656204484164025,-0.10097798029840761,-0.22342093747235914,-0.12184057731058325,0.000552567286931446,0.10946065437821886,-0.03670674074273131,-1.8822229011545943
0.0344334820533306,-0.12887043640497606,0.06722632254138934,0.015848024775969062,-0.023637498077565107,-0.09174071815835881,-0.09309842076858818,-0.09986119186412251,-0.18227937586111242,-0.07655032610516525,-0.07442475913547476,0.09002741767960934,0.05542611000307987,0.318209210207069,0.45117290257008535,-0.09958989641750261,-0.042026623081632665,0.127112393860323,-0.01797916798614174,0.07696265868427697,-0.14319483763189533,0.07556811128899495,0.1276120576300315,-0.18136796278521888,0.1676376798568323,0.1488436279359071,-0.10473908679765842,0.20010030794762282,-0.12681035641507404,0.2541973484573785,-0.13397043598179528,-0.18821751042433435,0.11559302217479099,-0.03151854315346072,0.060147900825825905,-0.03117670048463539,-0.010720187618651338,0.0343303521232072,-0.016908900071492945,-0.07583092076358335,-0.12328114418104295,-0.07819336040932334,0.027556435036236164,-0.11023244673899785,-0.20287197849335123,0.256485348051968,0.17649502525714314,0.04990638948869813,-0.03201838423197922,-0.20561794387505605,0.39705184575478625
0.044303511086429784,-0.31864316413820776,0.06609793066566133,-0.07741671032292198,-0.0007364610710992606,0.16288291763477994,0.0921447977830442,-0.004620498308330836,-0.27619601001819644,0.19154707020630563,-0.07173232414120387,-0.03389292006102378,-0.29313555980865136,-0.16381923520100283,0.13732859512726397,-0.07711393062429453,0.001855574187895819,0.05260890206004099,-0.16910821109299112,-0.024263494719283876,0.10856588309886665,0.0007029915931716037,-0.14506738384389828,0.13251483441755732,-0.1724276001155243,-0.02149911099310757,0.314562467912169,-0.09310507102496461,0.001310555206522973,-0.10887740620756381,-0.02854295076972479,-0.12075606386727182,0.11103020226054566,-0.039605687420144975,-0.08108267727118078,0.0699684940351215,0.33655680886771805,-0.06258886606261047,0.021704503504430983,-0.14900789021649227,0.07613736341170951,-0.130940048427616,-0.06914088980134324,-0.2723495706110523,-0.021941946308125765,-0.05596236833147537,0.2293094253570578,-0.14419990509139113,-0.03743300290094232,-0.03644729909128324,0.010401196036664895
0.1527429417320482,-0.31566496066462196,-0.03515667313190235,0.03954599416386979,0.18253496992229837,0.0246537864782529,-0.13322838790800676,0.16941402285910617,0.025514179720295547,-0.2532977676892449,-0.06319073100090856,-0.09449643923048358,0.2301666402961433,-0.034834920686593135,0.10626655019900579,-0.041405310014372795,0.13873281210226707,0.08121706181183452,-0.12131228493251735,0.14617933055285853,0.04098308904867747,0.05758533207898115,0.08280640860626318,0.3977410034155559,0.13708318816026357,0.06657221399278002,0.050008491629772986,0.26124845933885643,0.07199443159666358,0.06316668083412257,0.16965503255851677,-0.05845087495816122,0.05807069943164287,0.06771713115763116,-0.029904841533266155,0.19747578679392466,-0.0009976905602521301,0.045004476571393885,0.2166923850715424,-0.03280483017008808,0.19378814887650173,0.1274215750959297,0.028176125454670634,0.12577643115611128,0.14858723917364186,-0.1115384106298764,-0.06225579578674982,0.08303903171384562,-0.24199707413440766,0.09709385768369681,1.3655705356183065
-0.27622924592173775,-0.08237617195663652,-0.05253969114715405,-0.15045620824688086,-0.002604414876176665,-0.012431349797138324,-0.05337651881934352,-0.18800797045811782,0.16060460038145102,0.0032265467679636023,0.1386331927981537,-0.1475979462443211,0.1487251709808321,-0.1054553390458748,0.21237529093775986,0.18266914848421958,-0.16475940313515738,-0.19675119044505512,-0.004124768043501717,-0.30264837530137423,-0.061163265347562695,0.13839783328103114,0.08799454542601759,-0.03375506108286558,-0.0866752528937959,0.10311414819777695,0.12721975931329524,-0.0956767073750875,-0.22717095016343358,-0.11737450847379664,0.05378326080975476,-0.11367032224782125,0.024354948856081294,-0.09034562778009488,0.22650496390617803,0.06784100757921627,-0.028060547523473978,0.1904649760898545,0.27262818411926265,0.017664329852460078,0.017574673225047983,-0.13355863743421575,0.023538972306619735,-0.13509663259478458,0.05753416181007066,-0.19097342694350797,-0.059635077552797025,0.31024599863322205,-0.03621093891953678,-0.08056513184559183,-2.676909733381917
0.21410476911569795,0.1338860240342561,-0.07440466560445444,0.029844727660266374,-0.15422887965359836,0.13988942070496574,-0.03327482516333137,-0.0031884326427547155,0.08446563419477487,-0.00908782365196724,0.13150643040349097,-0.10825255740603622,-0.014913669606967479,-0.12269032959095626,0.06500146749709496,0.31252628914252534,0.01790241586017201,0.05848616143745898,-0.049782125555545696,-0.14234222243499725,0.0508465735682939,0.20753555342522412,0.17129107686750836,0.022118205538838556,0.04480630969351629,0.14754607101720357,0.10837171950908529,-0.054381641818491214,0.02827081797933984,0.1346155888358334,-0.20577303388980095,0.02205654692699476,0.15032165987178803,-0.025099729503836744,-0.01671833682263563,-0.23743489508784796,0.2511841155557932,-0.05780289340742349,0.06265931891718249,0.04038459882226457,-0.15139576435993415,-0.010568583455420002,-0.08975677399534633,0.06588574419352344,0.23632693529954404,0.34753556329028507,-0.2091496414105251,-0.19181038540631504,-0.27967641406217186,0.08394949397248688,1.3399640239887127
-0.04167128469312797,-0.09963746606131386,0.09475439636331892,0.10265412529517547,0.12070199253499116,-0.11465037434926417,0.16818815999983444,-0.012177527583912108,0.13849387890571774,-0.05884190015172247,-0.25214374994879507,0.16990539919219572,-0.04930828813572681,0.07691364860306339,0.12280937491653474,0.025481722757539283,-0.11835035943858156,-0.26720947255491345,-0.44637200434249896,0.14822616835445618,-0.20943086750069692,0.18165467535270974,0.06352044046198023,-0.025884523153471947,-0.026336115930908042,-0.030589025951831293,-0.01479673478663703,0.005300882194618826,0.06145983914474232,-0.1648535204678682,-0.1575863755266754,0.166787085035289,-0.27610473424725124,0.08936178872341903,-0.017428335931862445,-0.05670507957465674,0.02193156141127906,0.10654801524991052,-0.010131193643436422,0.0730148542816835,-0.31204908891707206,0.03165184014068664,0.0049969053410506906,-0.06071313641764916,0.15555681016056347,-0.1528745522978168,-0.010696356169965835,-0.1684154507644461,-0.11809969646741784,0.05238393390811277,-0.40039354308718483
0.2849262684543163,-0.15112431181404182,0.22273252452342623,-0.21047366579166682,-0.2585763452527672,-0.0828432246193756,0.1555477440345076,0.23124376528088877,0.13089945528374755,0.19408753693311737,0.025515198022214986,-0.11262112832981218,0.0717576291607758,0.2063788923699385,-0.08571344548638117,-0.15351298796497562,-0.08173926425030287,-0.09576151813038782,0.16451518908468563,0.124035618126766,0.08415170501134006,0.25518384470645855,0.05416019183543035,-0.02650175844481112,-0.10905617976248361,-0.01950702383671692,0.14305051876936692,0.07231435661820342,0.07047996206463604,0.05995589812784337,-0.26904172909103374,-0.03466718961645095,0.1465378345257695,0.04863290682318562,-0.09744697935667343,0.13429836934484218,-0.10129040932923601,-0.0072282292409035715,0.1002320082272911,0.24180001067141343,-0.08522936052392188,-0.12453535014841088,-0.07681255184394242,-0.028009890875129933,-0.041486950522165195,-0.11729528834281326,-0.11651881538078993,0.1564747501862113,0.14809179449360116,0.12043788095504875,2.729325217905661
-0.0931606654471883,0.11883484254658752,-0.19504322216428227,-0.07493066432459307,0.13648360675260654,-0.14032552285912347,0.05426178913476235,-0.03631299591652537,0.06763348953396872,-0.005206918773602134,0.09505725004553067,-0.1587301367245024,0.0626325924358267,0.00035893892594166714,0.043975505600194996,-0.09856125483995992,0.021130871812210295,-0.20925707503373914,-0.13792096907132492,-0.14621196500754655,-0.02195308670520337,-0.09195992330196656,0.049558616813936335,-0.017725339126393787,0.2518046591524965,-0.014324995546606344,0.2013729313113845,0.11134762722598407,0.05510019052461649,0.1080850802213476,-0.16111156488054834,-0.06942729043097032,-0.23296469803520808,-0.09910419714746342,-0.3195696105782772,0.30967063496752506,0.08086557516269466,-0.26129795990649457,-0.06665110983725915,-0.12047406408032495,0.05583449077582491,-0.3551689056322873,-0.07466554603744847,0.18372674207853767,-0.10149730653021564,0.02782286432836484,-0.13750498662714425,-0.11378327249792894,0.06426554346088684,-0.08134807906625831,-1.4374422136974003
0.16748769453740947,0.05774318629763823,-0.07285225804770268,0.010840361663883845,-0.08736411940197178,-0.018675148653072682,0.013617226790529362,0.23758773599278551,-0.10206863996963675,0.09003124936910359,0.21790969349089884,-0.1037370621430189,-0.26612236821600066,0.1198400769220483,0.22206405851774888,0.12924390511437558,-0.2510460242160291,-0.028172074869340636,-0.22349453251851956,-0.027301219920382484,0.19520518246839536,0.01690985884562567,-0.10180287525097037,0.21986114530887596,0.11541686656756642,0.006697225321272793,-0.2411516949102201,-0.18112369581021395,-0.15834668860197632,0.17486502008681512,-0.058890973180509225,-0.04070489364726517,-0.24266370557290853,-0.027106341227598123,-0.1503027934557368,-0.1194312826851885,-0.02300302906007386,0.21734704801355428,-0.10831019750983113,-0.11589757324238362,0.12810083495711955,0.09387725063063526,0.09609622774642262,0.12412562997294166,0.003970900338779109,-0.1284610489889665,-0.010494807318201299,0.2071051742261573,0.11098438497278622,0.052783512950191756,1.6676862045223235
0.114113067400651,-0.31611119653412817,-0.12909817908398577,0.024441332062720252,0.14513185086587904,-0.19715909729892334,-0.22964145936371694,-0.24802357727951296,-0.15422932559335362,0.10695741427038953,0.06101070635508851,-0.18040484496797776,0.18872599921227862,-0.06486487533188777,-0.13425881375277898,-0.13708650557940605,-0.16530474886236515,0.09114417122308294,0.12962805905629488,-0.09337165156786803,0.04976775148646873,0.018277240139851013,0.24467828675166237,0.04121862118734848,-0.07510088269014813,-0.044023016298892374,0.011883451420758294,0.05192978645377641,0.20793539186777404,-0.07573944188335022,-0.14770517448057272,-0.03853039520244202,-0.21408648532836733,0.042985064777302955,-0.06147013067418692,-0.4029292282615186,-0.05665533964437872,0.013028823506116113,-0.0851501880924078,-0.1985494525409761,-0.07169447824812893,-0.0018727284026652411,0.11881787400324695,-0.09609182222992807,0.0753534199081839,-0.04087092710167783,-0.05308295572073208,-0.023861688266495335,0.16562699749049584,0.09335495726505713,1.0808387477526378
-0.10700493796706012,-0.040932207683426626,-0.03916090147631348,0.10657081740088334,-0.3012978462011741,0.08171220782909219,-0.2289678830362259,0.06344961187280125,-0.1274094694836751,-0.23398849127765167,-0.029285437162493957,0.24376926250067002,-0.08468887511674685,-0.11153342007444769,-0.05211211442782054,-0.19278461945964373,-0.07067512604914884,-0.016054217896482648,-0.07855106143552468,-0.05985590442082803,0.02948735444818684,0.2805153214568999,-0.16250133327157806,0.06440435515334118,-0.17026586411065509,0.22285148542396874,0.024298491816997468,0.030025033094454118,-0.0309459276425499,0.09590986666208692,-0.061709430960613335,0.2239482060043081,-0.12018877322869337,-0.009481561395732273,0.12635228114104544,-0.0252702517596291,-0.1768314285658894,-0.1602233533239352,0.30396781892012936,-0.2258226827489042,0.04321969560951799,-0.14816444766052037,-0.03241181634751984,0.13743652448125204,-0.09469480617414851,0.029105631234173267,-0.12240403254916486,-0.11146678408960872,0.2153608666649757,0.0331771668697693,-1.7890140256068876
-0.09470970996337963,-0.06985349690389969,-0.2009101816837082,0.04674022618046074,-0.0044552894589810045,-0.05202593735743138,0.4074712529937047,-0.19483710796366102,0.1757847368527724,-0.08523633985370531,-0.20731696766157162,-0.16638522866659272,-0.17260718944994258,-0.09956812067722962,0.12347451948721465,0.14570427145278703,0.20418199055308578,0.10774858524521458,0.19655100645052948,-0.03120385413782812,0.053204409284961465,0.008815702303156488,-0.0382257333978704,0.03673279597673149,-0.1915190579598447,0.20823927605691395,-0.2072843697620546,0.21327246956249266,-0.04350361596856042,0.17630318446329116,-0.1610646519103421,-0.11726006459005907,-0.09711057073895535,0.03584980372477985,-0.12598333752853733,-0.06334058156084378,-0.13752752027125315,0.08828272559441733,0.09764554948987705,0.059888090595374435,0.16585885201772915,0.056112525600398325,-0.15904061487999444,-0.07412413229539115,0.002902626686704803,-0.10140296551552196,0.05211890304908904,-0.192590616769248,0.14406678117112265,0.09670635265208953,-1.0034697418391356
-0.1685671338142973,0.0262423646677011,0.03908499952715258,-0.13821243674354536,-0.03370634641744244,-0.1612473948413132,-0.012548665602099888,0.18348162822849012,-0.055453210819027196,0.018779022311778342,-0.09652975287992711,-0.19488893040187433,-0.06273125447435507,-0.37322689375945656,0.15572822903598096,-0.08633876990465175,0.09456788579241782,-0.16824472379944638,0.15325891823662383,0.15490813757138744,-0.011487578971457113,0.08336156608530064,0.09537729468881327,-0.024712574906840337,0.0033902578674172485,0.0548915971021945,0.194055505199263,-0.13661011720952346,0.09196596001377613,0.13278326148259942,-0.13801031863692978,0.05838350527737299,0.12667227082073554,0.012190267816898984,0.16094634267801955,-0.06529294479515518,-0.1809096347928152,0.18978523723930502,-0.27610015735610677,-0.17328436346239917,-0.03872416360073776,0.12150514806951399,0.0873149987571835,0.2821723431643433,-0.20820804118424252,-0.11957524050081003,0.05873153221703667,-0.11039237532512806,-0.22707098608097517,-0.06713297432804863,-1.6000727251442175
0.21236234371818283,0.047871214567709056,-0.18742428301922429,0.13898926540669965,-0.07737843063837753,0.14579253510058043,-0.043785474995122045,-0.07935831958143909,0.10280005987786596,0.117913781706362,0.1133682287319089,-0.16898325180402457,0.08932642124996723,0.12039342513372726,0.020219268279100883,-0.031158427573030684,0.256833135305556,-0.0538746202806785,-0.13345757198147704,0.02289418154601652,0.24628391732556895,0.12012407344267743,0.04898928513067106,0.06581751251839173,-0.15627417160715987,-0.011408142210324013,-0.06342410179909153,0.05672539304035776,0.2372490143289648,0.048064611694010655,0.1974948486418081,0.1691838763133104,-0.09041094201610164,-0.18308457512795584,0.17883129676329487,0.0047534781017727935,-0.03448853807839821,0.14338526091195086,-0.03998846566110135,0.09320427975551976,-0.16366605374359605,-0.1748205421516436,-0.07070757843597429,0.04114048085976154,-0.057430188028472405,-0.1310205271451773,0.22490240508966944,-0.08171082961286022,0.03276199798714222,-0.44426377375690923,1.6327619495155337
0.008781067155788446,-0.0202895482031742,-0.07542217204838286,-0.2719922017432302,-0.0466989851732454,0.1645512254784802,-0.15772521163506956,0.06912089506352523,0.32776289987330515,-0.09091274305368519,0.21646356411400708,0.04617557570485917,-0.13396466112881378,-0.06643700097474571,0.21457329885824497,-0.1839680697794503,-0.010148250956585355,0.0773208776775809,-0.032375506665878,-0.1288485463475329,-0.2719690845237232,0.012966032113355442,-0.01635697472608599,0.02938749301645038,-0.01405705363779415,-0.2578566694241704,-0.1868161278108146,0.28236010785418414,0.06304440037749172,-0.1156459396748781,-0.08352616810933985,0.012113429480186327,0.15079706749353777,-0.06373953988497653,0.1674523928846783,-0.0663101403428399,0.1263234114319977,-0.01529024164167587,-0.218252976674882,-0.048094077437235025,0.020070558122965498,-0.04953545440261607,-0.10040379208747148,0.12215896477490591,0.10664791808771135,-0.10300868088261944,0.17481182289048733,-0.0868190736475913,0.16938500258877473,0.21726654440937662,-0.2238052601888389
0.011507043701566792,0.09445560069512797,0.08473646307805029,0.14897972952203245,0.04555476298007625,0.02733313842561122,-0.12267132741914924,-0.00939014507341755,-0.06936592937504209,0.0363281901297919,0.1449066350379118,0.012822745490624324,0.14626606275640405,-0.1042442490503629,0.07325788719452457,0.15562324138320954,-0.07136843631209519,-0.08046347841945733,0.04844226508753562,0.10089053562478224,0.015147397959964521,0.3729511343800997,-0.19501792926940742,-0.1368884381917163,-0.10778046837831005,0.06485724764216827,0.24253750918860073,0.3041930394775451,-0.0900166573887958,-0.02942396764544584,0.17081110308662464,-0.12566159283602912,-0.19237786514688815,0.2428640013138409,-0.010449616878211672,0.11103633801389562,0.05070653151013988,0.12663548368835156,-0.4055617612620732,0.09424280370272922,0.1951308896698613,0.09165986072896602,-0.08451375786183506,-0.0669663114065002,0.06458794196825512,0.11509595932247396,-0.0318908876788038,-0.07044888392827783,0.17682003634108787,0.0006110834883096193,-0.20136240391262344
0.042817776530560514,-0.1668531414448938,0.12033553169454508,-0.15024559022522946,0.08488732739692813,-0.29794452941981686,-0.020534664496972596,-0.03353560880981182,0.0845650295283188,-0.04331941296291948,0.08469391119073791,0.14279254444737194,-0.16712892121113965,-0.05423451032581352,-0.23850912291744356,-0.04709176780813159,0.15593428417312818,-0.09441331427256527,-0.07013487730448925,-0.1588344897361545,0.0699589702332543,0.13667201371026758,0.2650769399817013,0.08331862720298144,0.11982960076813047,0.22451225229228278,-0.09358089178552037,-0.05000144420520943,-0.30393230474323596,0.12581617335444828,0.26123318544718405,0.2357625033138039,0.201898882683412,-0.005463808059282625,-0.12761803653598378,0.032935348878552144,0.019755268384446,0.13439113281930737,-0.1869468830993664,0.06949094938054136,0.03982098425774803,-0.16669588502396546,0.12804818909102816,-0.10408390843070792,0.06751910751073871,0.06575653457900779,0.10057999852346054,-0.16179449650120936,0.13271497063653284,0.034393662917908435,0.7865888630043849
-0.0290154642577313,0.2243529081926783,0.19861179179757393,-0.2938348324904083,0.10050470900416443,-0.24245910247543168,0.28888288936166123,0.1287148630705914,-0.12168761602716367,-0.1370150424884232,0.011440670017808722,-0.07334149165074218,0.1979881485261324,-0.1411455519235116,-0.07821803016161415,-0.1483983238011352,-0.14244325018298096,0.19865730481463387,-0.11258735365084489,-0.2120326320535853,0.014196509548133882,0.21534923654057586,-0.20834985250702698,0.11992184403596907,-0.044777046009890534,-0.1631451366087774,-0.1924312271470098,0.028044935162883186,0.1506597118052644,0.14568716820858071,0.012273252404686857,-0.07056194220554088,-0.06346050639367598,0.02698777548294974,0.14104279085527519,-0.06869247124237476,0.004158629563457604,-0.052821720746300475,0.059403201387224804,0.009336519325548798,0.07691093607549032,-0.04018628379006165,0.06685949192696844,-0.1617790715080128,0.14558671033794726,0.09369165692776284,0.022731432526129414,-0.08331949961556456,-0.09724610623394,-0.26396604273034097,-0.22118712636986537
-0.2912226185285295,-0.008719304032172897,-0.08487587584139271,0.07737919102618948,-0.19349314796033837,-0.02977315752394077,-0.10276108440998545,0.5079717389720593,0.03186828978197076,-0.0668214126649245,-0.166884697719333,-0.02244549177382269,-0.014884743930982455,-0.009190355275143013,0.08491696450743845,-0.16024813885764536,-0.051531022379449,0.06757161996219944,0.15346369150912997,-0.05238297162383204,0.050803221621503934,-0.11081540797939173,0.17407936216488396,-0.06312041474374698,-0.1160941953700036,0.15570349598786906,-0.023888268435833547,0.07850086030301874,0.10809238122936901,-0.18334460452356843,0.09036553477626616,-0.02318938903401114,-0.17557470041730253,-0.2839540891248634,-0.22398604083500065,-0.039883717952998735,0.10227144519891661,0.14841013459258312,-0.09143126908742,0.14543528907122627,0.006753101914592603,-0.08374887437823297,0.01976126728889641,-0.17030394503073204,0.2170177018457195,0.16310506772171698,-0.014499793712892084,0.05566986897320085,-0.04925913568695082,-0.07579279993925751,-2.866225560369537
0.0064906470838158176,0.11713066358411134,0.10384515813928637,-0.08230611764142808,0.08936265754449965,-0.011973562783890866,0.1152500533408311,-0.17488894407514094,-0.12575272346589333,-0.10921615524497606,0.1741493874916131,0.06214836889585553,-0.34749759198795455,0.2525235113627809,0.005497774224006695,-0.2136832257753101,0.2177236003380109,-0.1463045122969146,0.16326879064097954,-0.07020734104584103,-0.11821718653076237,0.08565587969906194,0.07679553284961547,0.12326628396703815,-0.09795498267236766,0.01319200285955137,0.24458214109359672,0.10484755056543012,0.12018838181738628,0.11823909458999465,0.11130803315548161,0.0623506060482055,-0.2978452470589706,-0.19029678309943865,0.12874615210056692,-0.15814919402443478,0.05859693543600341,-0.027890420145219263,-0.01675864375249728,0.08877299148598683,0.09831558421971827,0.10045064106096051,-0.021641843241501667,-0.047370195437892886,-0.041015034492435,0.04392386392294165,-0.081782155739248,0.23813459909000573,-0.24371503307593717,0.1693945869947868,-0.7797616602495153
-0.09427185715570013,-0.2396726153661774,0.08254669691438535,-0.12402557890853974,0.0009711488550257134,0.12116710157121957,0.030490031591355583,0.11148917422263359,-0.05093250731900988,-0.10159633296707533,0.11777737753703087,0.10679762718500632,0.16138310207005857,0.07834883755422754,-0.11769726318155158,0.08688552624485588,0.2003705339966928,-0.11008538363043022,-0.18229263254964778,-0.23397601173793892,0.2382125065869036,0.04803710016219607,-0.04610073403505993,-0.1799520364265383,-0.18435383769007593,0.15611106117359327,-0.24713392414812077,0.09182325449733658,-0.04266179423256617,-0.16159194339231314,-0.07708374276295647,-0.228721688887959,-0.01924023676585299,-0.01605207861085835,-0.07863804418012703,-0.15074352183451234,0.05839909560524243,-0.22371296867250626,-0.20008852621300488,0.061387635495166765,-0.020478075947644527,0.09490165569641511,0.06582630084743796,0.13482845855501388,-0.3191676605274352,-0.13586311045820967,-0.08065944362093483,0.01192081388112465,-0.2401281188279137,0.020692217724565407,-1.6564770370274933
